scene,file,psnr,ssim,lpips,score,gt_sharpness,gt_brightness,width,height
hcm0034,DJI_20241230112504_0001_V.JPG,21.232295035242824,0.6940326323978914,0.23278042674064636,0.6424913892345658,3339.7956595626147,124.64918803811625,1320,989
hcm0034,DJI_20241230112508_0007_V.JPG,21.84010249147206,0.7217499643075586,0.21890729665756226,0.6600026855780751,2659.0659618870923,126.20935977571467,1320,989
hcm0034,DJI_20241230112513_0014_V.JPG,21.283157723124408,0.6830908046753804,0.2429913580417633,0.6354296445246552,2204.0666152802614,124.84435916291326,1320,989
hcm0034,DJI_20241230112515_0018_V.JPG,21.51030612525148,0.687377278348326,0.26157310605049133,0.6306457778358101,3348.085286166386,132.52552011520666,1320,989
hcm0034,DJI_20241230112520_0025_V.JPG,20.80191747217838,0.6885320737155617,0.2468426525592804,0.6326340659240266,3844.849285755311,129.97968639887245,1320,989
hcm0034,DJI_20241230112540_0033_V.JPG,20.430498604882366,0.6663501744134681,0.23476412892341614,0.6285823923839682,2818.601974729299,125.25704798235132,1320,989
hcm0034,DJI_20241230112542_0036_V.JPG,20.80811474694018,0.705302567557442,0.23159876465797424,0.643799952885684,2933.727952122799,125.99342387474339,1320,989
hcm0034,DJI_20241230112543_0038_V.JPG,20.417248981799187,0.6839686757634991,0.23939919471740723,0.6319344187328819,2876.723058991984,129.18426402549255,1320,989
hcm0034,DJI_20241230112544_0040_V.JPG,20.614848766254752,0.6795134744332797,0.24980038404464722,0.6276229813096535,2999.5412417201087,126.69450240524559,1320,989
hcm0034,DJI_20241230112545_0041_V.JPG,20.64581665556847,0.6609669393809524,0.25572022795677185,0.6198768905649878,3197.695944480725,125.49757024236297,1320,989
hcm0034,DJI_20241230112546_0042_V.JPG,20.048800775029193,0.6701327255010193,0.24698837101459503,0.6225372738946429,3331.468192392865,125.38292658638969,1320,989
hcm0034,DJI_20241230112550_0048_V.JPG,20.85566792363945,0.6880625371503754,0.2530859708786011,0.6303183803355089,3087.6663654742006,125.1186077151699,1320,989
hcm0034,DJI_20241230112553_0052_V.JPG,20.213355730789544,0.6741652170053691,0.2570691406726837,0.6207020432172745,2741.22047712105,131.45570901124492,1320,989
hcm0034,DJI_20241230112609_0068_V.JPG,21.24328749026663,0.7062245801523334,0.2351929098367691,0.6452499350525922,2920.6402918954127,126.0085822839109,1320,989
hcm0034,DJI_20241230112610_0069_V.JPG,20.774707122999132,0.6904793430021482,0.246439129114151,0.6332163939929789,2938.4211869069027,121.38154242117842,1320,989
hcm0034,DJI_20241230112611_0070_V.JPG,20.104074001022056,0.6668710884610318,0.26791059970855713,0.613521530661019,3248.7257612402313,128.7143816833655,1320,989
hcm0034,DJI_20241230112612_0072_V.JPG,20.15665507963459,0.6752843293822851,0.26676589250564575,0.6168188722902347,3012.900270398612,128.19575175414408,1320,989
hcm0034,DJI_20241230112613_0073_V.JPG,20.207176776152668,0.6704017815786236,0.2707308232784271,0.6140712658191323,2745.149425589791,129.0388661641695,1320,989
hcm0034,DJI_20241230112614_0074_V.JPG,19.950953454089863,0.6577126473364023,0.275187611579895,0.6069444702935018,2555.8318411551813,128.82611606458926,1320,989
hcm0034,DJI_20241230112615_0076_V.JPG,20.797665431397018,0.6881933719847807,0.2695325016975403,0.6234310035048002,2822.2068043918753,130.2449535802923,1320,989
hcm0034,DJI_20241230112616_0078_V.JPG,20.478723472784704,0.6989943891460345,0.26583462953567505,0.6262368057662486,3062.724992027493,131.44162223856358,1320,989
hcm0034,DJI_20241230112621_0085_V.JPG,20.48536154116437,0.6766030056594102,0.24253909289836884,0.6288774337854618,3017.862942372443,123.82188390477066,1320,989
hcm0034,DJI_20241230112623_0087_V.JPG,20.853287655016093,0.707189531727232,0.23751378059387207,0.6422710732107174,2882.1460372580395,127.16698838741306,1320,989
hcm0034,DJI_20241230112648_0101_V.JPG,20.78877241283083,0.7017501238335632,0.22298428416252136,0.6460639579620454,3475.6239213513427,123.78700094984221,1320,989
hcm0034,DJI_20241230112649_0102_V.JPG,21.1842498895978,0.7007580636144973,0.22560030221939087,0.6470927975341796,3312.518063415006,125.1470432331403,1320,989
hcm0034,DJI_20241230112649_0103_V.JPG,21.257732855111446,0.6978331778114244,0.2134595811367035,0.6515125180194146,3149.128548666944,127.01015794956645,1320,989
hcm0034,DJI_20241230112656_0113_V.JPG,21.98821068714429,0.7152475894430053,0.24210098385810852,0.649663147412524,2423.453672106424,128.06376275392958,1320,989
hcm0034,DJI_20241230112658_0116_V.JPG,21.636847530424394,0.7157452715595861,0.24344342947006226,0.6471672948623972,3086.5151276267943,132.23524757177438,1320,989
hcm0034,DJI_20241230112705_0125_V.JPG,21.857933106204683,0.7314108221580558,0.22299198806285858,0.6613740500595013,2787.3024003571086,130.3659052609002,1320,989
hcm0034,DJI_20241230112707_0129_V.JPG,21.394334049990317,0.7118006423714162,0.21651050448417664,0.6553019952176962,3061.8610332897692,130.2409320709624,1320,989
hcm0034,DJI_20241230112741_0139_V.JPG,21.05159434681457,0.7176576885991546,0.22167550027370453,0.652936672551152,2486.342325120917,130.43901859852315,1320,989
hcm0034,DJI_20241230112743_0141_V.JPG,20.86807155573854,0.6970532944801882,0.22504381835460663,0.644306890336645,3226.6145982406624,127.85602460397708,1320,989
hcm0034,DJI_20241230112745_0143_V.JPG,21.232659664082227,0.7036816103252147,0.22708360850811005,0.6476669976788137,3352.849725941721,127.3011352146337,1320,989
hcm0034,DJI_20241230112826_0169_V.JPG,19.891921185559937,0.6860069851514753,0.267587810754776,0.6181184983568918,3291.0761391953633,127.39571498605876,1320,989
hcm0034,DJI_20241230112844_0187_V.JPG,21.249446318015927,0.7251698454493435,0.24381010234355927,0.6475235906054748,2617.4059834156833,130.73125134050312,1320,989
hcm0034,DJI_20241230112847_0190_V.JPG,21.358835669500426,0.7294423670355723,0.22455845773220062,0.657162341034794,2379.0344829570504,132.40144697735698,1320,989
hcm0034,DJI_20241230112854_0197_V.JPG,21.952323586834538,0.7378408263004032,0.2025647759437561,0.6720402790336257,2478.5969891930636,125.03634601832276,1320,989
hcm0034,DJI_20241230112942_0210_V.JPG,22.69159460624758,0.7241584577653358,0.2573529779911041,0.6504559137706445,3014.0062084585174,127.5799927995833,1320,989
hcm0034,DJI_20241230112948_0213_V.JPG,22.007986416050066,0.7145873750271949,0.21315068006515503,0.6611638589783968,2083.13648902629,124.69573873211385,1320,989
hcm0034,DJI_20241230112956_0221_V.JPG,22.799748893080114,0.7159836091265123,0.2523009777069092,0.6506731850136707,3028.760352552532,127.71313156846524,1320,989
hcm0034,DJI_20241230113001_0226_V.JPG,22.161234913785517,0.7192258559139278,0.21558021008968353,0.6625030822210181,1969.881612808975,122.99925544627264,1320,989
hcm0034,DJI_20241230113013_0233_V.JPG,22.489439018478684,0.7110055643497488,0.23854897916316986,0.6528187117505289,2916.92788798066,128.6992470202531,1320,989
hcm0034,DJI_20241230113014_0234_V.JPG,22.410721789952007,0.7194361610709326,0.22806939482688904,0.6590674211302363,2864.3043923446385,126.64209332965652,1320,989
hcm0034,DJI_20241230113024_0241_V.JPG,22.69111223068961,0.7191838610544932,0.24513854086399078,0.6538464153548893,2758.37744277741,128.13986962649753,1320,989
hcm0034,DJI_20241230113026_0243_V.JPG,21.924485875374444,0.7124187192211834,0.22073806822299957,0.6569773037294018,2310.311362264616,132.49399378006558,1320,989
hcm0034,DJI_20241230113034_0251_V.JPG,22.275054773573082,0.6959313650381574,0.22797411680221558,0.6512400914319996,2848.293629084289,123.49564298189172,1320,989
hcm0034,DJI_20241230113037_0254_V.JPG,22.474442860475456,0.7104987755577898,0.2509379982948303,0.6476210905122576,2879.722624252962,128.5948869381377,1320,989
hcm0034,DJI_20241230113041_0256_V.JPG,22.062260635499346,0.7088110495307189,0.230860635638237,0.6526726244169169,3123.661530209747,127.65109461653951,1320,989
hcm0034,DJI_20241230113042_0257_V.JPG,22.570927166996846,0.7155361159670085,0.22748303413391113,0.6590931841385191,2011.5249152634726,123.36875938352178,1320,989
hcm0034,DJI_20241230113044_0259_V.JPG,21.97961751293118,0.6901419988286794,0.22810129821300507,0.6476797854409889,3318.83309859776,129.38996690872324,1320,989
hcm0034,DJI_20241230113046_0261_V.JPG,21.909293145554308,0.7134483301882907,0.21639889478683472,0.6589307000150791,2280.7335904289516,129.4519686245672,1320,989
hcm0034,DJI_20241230113051_0266_V.JPG,22.386735335436136,0.7114074984187537,0.25101572275161743,0.6473363724375959,2845.1349975277776,128.4832544351503,1320,989
hcm0034,DJI_20241230113107_0278_V.JPG,21.848255904824747,0.6834744507396406,0.2208072990179062,0.6478089510436782,2009.8262428943453,127.72874574869013,1320,989
hcm0034,DJI_20241230113111_0282_V.JPG,22.19756730879732,0.691293848753415,0.22176483273506165,0.6518676253847839,2284.1367317645086,126.12941906425223,1320,989
hcm0034,DJI_20241230113117_0286_V.JPG,22.707646392081337,0.7080589417363848,0.24176634848117828,0.6519570214809322,2276.784289366013,128.0835248337776,1320,989
hcm0034,DJI_20241230113137_0303_V.JPG,22.25384074853684,0.7074017750420062,0.23353974521160126,0.6523276789191823,2039.7578246624796,121.26376658393848,1320,989
hcm0034,DJI_20241230113144_0310_V.JPG,22.420767765400534,0.7025637230516288,0.22942401468753815,0.6535241176328765,1846.0434494639464,124.94353494500108,1320,989
hcm0034,DJI_20241230113202_0325_V.JPG,21.984572052353492,0.6701222978132373,0.24916060268878937,0.6332798805825763,1772.0088132176643,128.9952883230689,1320,989
hcm0034,DJI_20241230113211_0330_V.JPG,21.84241047708148,0.7198484445011673,0.25348877906799316,0.6456134845856418,2517.3725490704355,123.38140377485676,1320,989
hcm0034,DJI_20241230113212_0331_V.JPG,22.12757449747709,0.7320796177764327,0.25356248021125793,0.6509643402332893,1706.4567307028083,125.54271608910133,1320,989
hcm0031,DJI_20241227155326_0006_V.JPG,20.695989627172416,0.6742212442916555,0.24380263686180115,0.6289212563058107,2240.5062698187667,122.5619373716947,1320,989
hcm0031,DJI_20241227155339_0019_V.JPG,21.237261817996647,0.6795760190589065,0.2451968491077423,0.6332176369825548,2461.5260010588377,125.47909657750407,1320,989
hcm0031,DJI_20241227155343_0023_V.JPG,21.687366093984316,0.701778483296272,0.23809714615345,0.6454188830914076,1997.949845817453,127.80633636670036,1320,989
hcm0031,DJI_20241227155345_0025_V.JPG,22.03704223245074,0.6920018460957843,0.25258317589759827,0.6387895368644005,2712.774394046593,129.04362686521432,1320,989
hcm0031,DJI_20241227155352_0032_V.JPG,21.708639577722796,0.676179576309928,0.24867737293243408,0.6336347611863415,2800.850296237744,123.05010264423814,1320,989
hcm0031,DJI_20241227155353_0033_V.JPG,21.373598786786488,0.668134534119798,0.24704891443252563,0.6298623871836481,2787.5186609077837,125.14270230106933,1320,989
hcm0031,DJI_20241227155411_0039_V.JPG,21.676400080256784,0.6700344205945195,0.263079971075058,0.6258367382298734,2365.5704995495325,124.47700309464717,1320,989
hcm0031,DJI_20241227155413_0041_V.JPG,21.370725609118054,0.6397624531030303,0.2730945944786072,0.6109152517941745,2162.1087159270774,122.85370668259951,1320,989
hcm0031,DJI_20241227155416_0044_V.JPG,21.977568131802116,0.6671644908125582,0.2705555856227875,0.6237925217854652,2059.4979990087845,119.03484925085026,1320,989
hcm0031,DJI_20241227155417_0045_V.JPG,22.174654749690717,0.673564898590462,0.27595949172973633,0.6247336013833884,2001.834068390864,122.04046557588013,1320,989
hcm0031,DJI_20241227155431_0059_V.JPG,20.535056337435744,0.6422330424750254,0.28033414483070374,0.6037465928348406,2618.0559045363148,124.9372384103931,1320,989
hcm0031,DJI_20241227155432_0060_V.JPG,20.425718045531976,0.6355271176149677,0.29042497277259827,0.5970424544486428,2685.7893910799635,124.96454713974937,1320,989
hcm0031,DJI_20241227155433_0061_V.JPG,21.041646049536574,0.6504953799969594,0.27848732471466064,0.610003560410443,2636.9077266385425,126.81393587033122,1320,989
hcm0031,DJI_20241227155438_0066_V.JPG,21.90515782947976,0.7005641849982295,0.23729711771011353,0.646681355392302,2580.90904048759,125.79469084168275,1320,989
hcm0031,DJI_20241227155450_0072_V.JPG,22.594532802055824,0.6741194642139331,0.2775282859802246,0.626791721684425,1950.9287947031648,115.66869733737782,1320,989
hcm0031,DJI_20241227155507_0089_V.JPG,21.18943082561977,0.6840925538384729,0.244611918926239,0.6345195835347649,2604.3363643144853,125.11771072708889,1320,989
hcm0031,DJI_20241227155533_0101_V.JPG,21.441850444806462,0.6973350782163533,0.25094762444496155,0.6374725763557603,2720.120952396596,128.23375923032143,1320,989
hcm0031,DJI_20241227155536_0104_V.JPG,21.815637330565934,0.6713501588564639,0.26554661989212036,0.6260802236834866,2597.0691211705707,122.82315546772068,1320,989
hcm0031,DJI_20241227155543_0111_V.JPG,21.31224826091946,0.6687193003921642,0.27886876463890076,0.6169417738276057,2697.9156984340543,121.7086458620584,1320,989
hcm0031,DJI_20241227155545_0113_V.JPG,20.58010492425259,0.6377388637519873,0.2953312397003174,0.5966697927909848,2345.6262998355814,123.3676800870178,1320,989
hcm0031,DJI_20241227155546_0114_V.JPG,20.245940294131685,0.6313531809099397,0.3062995374202728,0.5883617810696629,2416.1787908070437,124.09732129178539,1320,989
hcm0031,DJI_20241227155547_0115_V.JPG,21.007002800380672,0.6479671577063876,0.2938268780708313,0.6029014128858677,2376.4381115917145,124.43184652388393,1320,989
hcm0031,DJI_20241227155552_0120_V.JPG,22.081694029545503,0.6370617908534003,0.2693418860435486,0.6158719470158737,2254.5659955059195,123.39201366547171,1320,989
hcm0031,DJI_20241227155556_0124_V.JPG,21.733009458233052,0.6390210306742277,0.27503085136413574,0.6120920254060124,2264.5123259069187,125.55990440297822,1320,989
hcm0031,DJI_20241227155557_0125_V.JPG,21.68655234322474,0.6420190976643063,0.26940152049064636,0.6149644351623818,2418.4836433521864,121.02203174311364,1320,989
hcm0031,DJI_20241227155715_0174_V.JPG,21.925523200881365,0.7120011811532527,0.2211843729019165,0.6566797443904975,2666.051424715311,127.73252520145847,1320,989
hcm0031,DJI_20241227155730_0189_V.JPG,23.15254638538056,0.7280276490726504,0.2306487262248993,0.6650640825441188,2278.940977903059,125.13559993259184,1320,989
hcm0031,DJI_20241227155740_0199_V.JPG,21.765362315011345,0.7115809316719505,0.21718467772006989,0.6571925823036252,2245.570492491302,119.98271057388853,1320,989
hcm0031,DJI_20241227155741_0200_V.JPG,21.95586123180899,0.7070504322907228,0.21999600529670715,0.6558518949593879,2372.478511936262,120.54473297178049,1320,989
hcm0031,DJI_20241227155753_0204_V.JPG,21.478539854986288,0.7072558535262495,0.2524706721305847,0.6400597263355587,3102.0737213952266,125.09256059074058,1320,989
hcm0031,DJI_20241227155754_0205_V.JPG,21.885507637745455,0.7158028430148858,0.2491147369146347,0.6464080039650846,3223.367593304693,126.04629408340227,1320,989
hcm0031,DJI_20241227155809_0220_V.JPG,22.227175148188024,0.7037005649397146,0.24599038064479828,0.6460770681131232,3030.2973248359226,126.18104298801973,1320,989
hcm0031,DJI_20241227155810_0221_V.JPG,21.79792830277374,0.7082642081751948,0.24176256358623505,0.6465618068347069,3021.488268481421,126.03111039617612,1320,989
hcm0031,DJI_20241227155847_0234_V.JPG,22.590822922950707,0.6847882548640877,0.22903645038604736,0.6493668338425116,3198.4863804818096,120.93035818243098,1320,989
hcm0031,DJI_20241227155849_0236_V.JPG,22.094310786684083,0.6832978513877194,0.2302640974521637,0.6454495811555547,2245.141867271731,117.99191944725312,1320,989
hcm0031,DJI_20241227155850_0237_V.JPG,21.771248168427547,0.6708603477238603,0.24575181305408478,0.6335848681060895,3281.512181720741,120.10390814106688,1320,989
hcm0031,DJI_20241227155906_0247_V.JPG,21.220427710279118,0.6438133433041319,0.22818829119205475,0.6291912527760923,2668.0091053122987,124.79699191102124,1320,989
hcm0031,DJI_20241227155912_0253_V.JPG,22.86000315506728,0.665919994771829,0.24465371668338776,0.6390745306885972,3078.1473448621205,127.1203825412875,1320,989
hcm0031,DJI_20241227155914_0255_V.JPG,22.75483036425421,0.699423030463156,0.22358489036560059,0.6569219351782318,2556.358831157209,123.33559380457763,1320,989
hcm0031,DJI_20241227155915_0256_V.JPG,22.156089640389602,0.6606514432604786,0.23638670146465302,0.6365772902346201,3867.438373851397,122.12503447007997,1320,989
hcm0031,DJI_20241227155927_0264_V.JPG,22.92846340997869,0.6775307853960083,0.22416141629219055,0.6511654495617984,2073.9859853041917,123.72126574133652,1320,989
hcm0031,DJI_20241227155930_0267_V.JPG,21.99093132434551,0.6706294513021223,0.23059672117233276,0.6408957348677766,2319.3874677907966,117.54426877470355,1320,989
hcm0031,DJI_20241227155946_0279_V.JPG,21.266187047078645,0.6230377464334301,0.2477036416530609,0.6154269895512766,4603.310344588242,123.01569997242393,1320,989
hcm0031,DJI_20241227155948_0281_V.JPG,21.641282451391312,0.662894703450622,0.22190043330192566,0.6399559324227643,2799.932792467814,120.48961454790575,1320,989
hcm0031,DJI_20241227155954_0287_V.JPG,22.39298869680194,0.6507395165271871,0.23582962155342102,0.6352479385175993,2474.373863877368,125.53086297760211,1320,989
hcm0031,DJI_20241227160006_0293_V.JPG,21.982587063337554,0.6717956774038903,0.23792532086372375,0.638264097255703,2493.375857734603,123.32579970585532,1320,989
hcm0031,DJI_20241227160018_0304_V.JPG,22.613798857775883,0.6611210480834172,0.24164029955863953,0.6373629877482248,3389.2632045826076,122.46009666942427,1320,989
hcm0031,DJI_20241227160031_0313_V.JPG,22.45736586649897,0.6652091627446501,0.2349148392677307,0.6403410083152966,3551.783472662494,117.40231102736158,1320,989
hcm0031,DJI_20241227160044_0321_V.JPG,21.28347948847837,0.6491673809904719,0.22894275188446045,0.6308739904742278,2837.6099850607566,120.5859262493489,1320,989
hcm0031,DJI_20241227160048_0325_V.JPG,21.473921748524255,0.6505554444684661,0.24120059609413147,0.6275299253940327,2902.280569300967,124.1597075405215,1320,989
HCM0181,DJI_20241229103340_0026_V.JPG,19.988142572558488,0.6519696775083804,0.25131386518478394,0.6149942126139515,3037.289486933085,117.75147302141741,1320,989
HCM0181,DJI_20241229103341_0027_V.JPG,19.960380065008337,0.6859943796382474,0.25500792264938354,0.6235574252217708,3285.40317773897,118.76734764224653,1320,989
HCM0181,DJI_20241229103342_0028_V.JPG,19.613936789125095,0.679159932166692,0.2408800572156906,0.625079577498482,3605.6750367573904,128.73595765542177,1320,989
HCM0181,DJI_20241229103346_0032_V.JPG,20.075660463417904,0.6803530755645171,0.23209568858146667,0.631721610017276,2912.113122690181,126.2732757299997,1320,989
HCM0181,DJI_20241229103355_0037_V.JPG,19.609372819077706,0.6645229679395284,0.23496468365192413,0.6230272538355551,3266.080614561292,114.92630679903178,1320,989
HCM0181,DJI_20241229103357_0039_V.JPG,20.224876897188267,0.6551843290987528,0.24488162994384766,0.6199519081352164,3679.9490158371827,116.73553405643901,1320,989
HCM0181,DJI_20241229103358_0040_V.JPG,21.396987746512437,0.6701492449949633,0.2431342750787735,0.6321729899460542,3326.443175252351,114.44439746300212,1320,989
HCM0181,DJI_20241229103359_0041_V.JPG,21.278083032720815,0.655905711385627,0.24968865513801575,0.6245647495568067,3315.42794537202,109.997662928578,1320,989
HCM0181,DJI_20241229103402_0044_V.JPG,20.943274365148884,0.6662786468820584,0.24074670672416687,0.6292445575658441,3000.5245126657774,109.88653828476882,1320,989
HCM0181,DJI_20241229103404_0046_V.JPG,20.466169445412817,0.6502335772382629,0.24474598467350006,0.6199686959745557,3383.390576359001,107.15535741642921,1320,989
HCM0181,DJI_20241229103407_0049_V.JPG,20.44173644435827,0.670696236015034,0.2421548217535019,0.626997360769259,3489.710216462745,113.77880549682875,1320,989
HCM0181,DJI_20241229103421_0063_V.JPG,20.146846973694082,0.6868464871876506,0.22407840192317963,0.6373036672291879,3819.51618004657,131.70523409014308,1320,989
HCM0181,DJI_20241229103426_0068_V.JPG,19.629487779579378,0.6693919062975172,0.23435698449611664,0.6248517047682849,3187.85766781286,115.9064190948923,1320,989
HCM0181,DJI_20241229103427_0069_V.JPG,19.82036354244302,0.6521864274685417,0.24024170637130737,0.6184814269466977,3638.562564653713,118.18629622820725,1320,989
HCM0181,DJI_20241229103440_0072_V.JPG,20.277359016968607,0.6902145869401458,0.25454428791999817,0.6269108150158561,3013.824163285641,118.44384287771548,1320,989
HCM0181,DJI_20241229103448_0080_V.JPG,19.875545558751103,0.6558448378475356,0.25949347019195557,0.612209336629985,2785.575339633724,129.99708612923982,1320,989
HCM0181,DJI_20241229103505_0097_V.JPG,20.385325671042448,0.6525164086613601,0.25751736760139465,0.6150599295841049,2989.809322533411,114.49132962588473,1320,989
HCM0181,DJI_20241229103545_0110_V.JPG,21.42503845648821,0.6532275955442156,0.25026455521583557,0.6244126873158597,3665.0859691242226,109.14396773600515,1320,989
HCM0181,DJI_20241229103553_0118_V.JPG,20.155859558571333,0.6898919625372913,0.22988972067832947,0.6359468578412837,3748.4744025951413,114.82976299905016,1320,989
HCM0181,DJI_20241229103600_0125_V.JPG,20.17655417453758,0.6980424742271606,0.23709115386009216,0.6356356057713368,3923.5035954135924,126.95123939087539,1320,989
HCM0181,DJI_20241229103601_0126_V.JPG,19.807704067856044,0.6767606074478602,0.2376585751771927,0.6268109765706171,3814.7751871656583,125.79254680270859,1320,989
HCM0181,DJI_20241229103607_0132_V.JPG,20.033425798077936,0.6406218409069281,0.22165560722351074,0.6237248641711418,3379.263963985766,129.90193645249258,1320,989
HCM0181,DJI_20241229103609_0134_V.JPG,20.013506620912157,0.6667052929843335,0.2344021201133728,0.6263317795754239,4005.9009097178077,132.418511198946,1320,989
HCM0181,DJI_20241229103610_0135_V.JPG,20.906551324202805,0.6898972049783199,0.23918819427490234,0.6367331917287519,3888.2371133829015,130.50243741765482,1320,989
HCM0181,DJI_20241229103757_0177_V.JPG,20.076264537619085,0.6707113259454078,0.240892231464386,0.6253140924235825,3035.175656163683,117.33814459049545,1320,989
HCM0181,DJI_20241229103808_0188_V.JPG,19.262449841572415,0.6752925476027446,0.2743372321128845,0.6084275704851041,3926.515610753721,119.67994454147134,1320,989
HCM0181,DJI_20241229103809_0189_V.JPG,18.19074370796479,0.6350715291686316,0.2862386107444763,0.5851704767005877,4441.00676708371,122.48055427888593,1320,989
HCM0181,DJI_20241229103818_0198_V.JPG,20.089343132999606,0.6754157081729494,0.2436787188053131,0.6256892837277572,3726.071587618653,121.25768299782456,1320,989
HCM0181,DJI_20241229103827_0207_V.JPG,19.596071318030734,0.6610834722166299,0.24434536695480347,0.618163322791252,3233.25651050404,119.10964779238287,1320,989
HCM0181,DJI_20241229103855_0215_V.JPG,20.304468188479618,0.6675593956905557,0.23784907162189484,0.6269549991892865,3645.5860999222073,116.96293164200141,1320,989
HCM0181,DJI_20241229103858_0218_V.JPG,20.18966651133674,0.6746791565484801,0.23645469546318054,0.6289598678472923,2921.9601517546257,118.03661182093943,1320,989
HCM0181,DJI_20241229103908_0228_V.JPG,20.11058011434541,0.6957040299073755,0.25247302651405334,0.6283854790526637,3624.1766433558787,117.27926586389681,1320,989
HCM0181,DJI_20241229103909_0229_V.JPG,19.679819758271183,0.6939221231995103,0.2652972638607025,0.6201366499651992,4274.202799618203,120.57237108190091,1320,989
HCM0181,DJI_20241229103910_0230_V.JPG,19.64642910965206,0.6845732343031351,0.25448232889175415,0.6214576133921513,4296.500824119278,121.84313815608053,1320,989
HCM0181,DJI_20241229103914_0234_V.JPG,19.66344908514248,0.6835482525753678,0.23504076898097992,0.6290288626910733,2926.4152063876486,128.26827067438796,1320,989
HCM0181,DJI_20241229103917_0237_V.JPG,20.485255927569987,0.6875828989637451,0.251339316368103,0.6286506787073022,3987.9624579932743,125.9885582314551,1320,989
HCM0181,DJI_20241229103923_0243_V.JPG,20.038413990346122,0.6744595574291842,0.2242717146873474,0.632859665295893,3292.2997952808196,120.19444189110519,1320,989
HCM0181,DJI_20241229104002_0245_V.JPG,20.656360856091386,0.6616960437090057,0.23927080631256104,0.6267386557242256,3103.4806215320227,115.5274611637099,1320,989
HCM0181,DJI_20241229104006_0249_V.JPG,21.250353030031476,0.692307353034029,0.2232564240694046,0.6458917544626358,3138.5996899151432,111.52716548702394,1320,989
HCM0181,DJI_20241229104008_0251_V.JPG,20.302037536067772,0.6900086845500804,0.22882024943828583,0.6372867308061164,2670.0898354384817,115.58902089652848,1320,989
HCM0181,DJI_20241229104009_0252_V.JPG,20.756006058634817,0.7005938171525045,0.24611800909042358,0.6362669778613907,3324.068988126417,113.8186544412783,1320,989
HCM0181,DJI_20241229104013_0256_V.JPG,21.330711615048465,0.6797734224213734,0.2511007785797119,0.631475984984818,4148.723383714844,123.51706192358367,1320,989
HCM0181,DJI_20241229104025_0260_V.JPG,20.96932122314143,0.6688794201089997,0.24344736337661743,0.6291008080209016,3297.2818498221113,114.79539479731594,1320,989
HCM0181,DJI_20241229104026_0261_V.JPG,20.49340910674644,0.6447291318834684,0.22699028253555298,0.625583081191298,2807.868516634939,112.55312222324356,1320,989
HCM0181,DJI_20241229104028_0263_V.JPG,21.080220023865394,0.653175311581439,0.23704850673675537,0.627614510922922,3095.9579073448785,111.06763259490762,1320,989
HCM0181,DJI_20241229104030_0265_V.JPG,20.84950711809746,0.6816864420173872,0.24376952648162842,0.6320951647211496,3916.547298975211,109.44980390354506,1320,989
HCM0181,DJI_20241229104033_0268_V.JPG,20.820108795660836,0.69601253226155,0.252200186252594,0.6328443379513925,4342.287518318835,116.57774228636211,1320,989
HCM0181,DJI_20241229104046_0275_V.JPG,20.758621851446616,0.6845837425890021,0.2286835014820099,0.6384534532925764,3427.619149274384,125.02504289609952,1320,989
HCM0181,DJI_20241229104049_0278_V.JPG,20.958922737967676,0.6652108261260942,0.24580535292625427,0.6269946430951326,3246.1183426748,114.44827802800502,1320,989
HCM0181,DJI_20241229104054_0283_V.JPG,20.53315222255,0.6649152338432956,0.2414376139640808,0.6260984379026564,3934.9461870762566,109.4017311640163,1320,989
HCM0181,DJI_20241229104107_0290_V.JPG,19.769632432420426,0.6457000368370742,0.23921744525432587,0.6166408275439146,3560.2774882839967,112.35623525446579,1320,989
HCM0181,DJI_20241229104159_0332_V.JPG,19.84012969704218,0.598254602172989,0.24010731279850006,0.6024742337147497,3402.8850756511342,129.516294389803,1320,989
HCM0181,DJI_20241229104214_0339_V.JPG,20.378221445098003,0.6137948043655331,0.24163088202476501,0.609755417170342,2510.3299968671577,112.47401338971106,1320,989
HCM0181,DJI_20241229104215_0340_V.JPG,20.649225653414057,0.5689442655229126,0.2533886730670929,0.5932231643505209,3209.363652448025,112.32391227747648,1320,989
HCM0181,DJI_20241229104217_0342_V.JPG,19.64580927093012,0.5613642135282246,0.253719300031662,0.5847963996713833,2741.53168162567,109.64129515580476,1320,989
HCM0181,DJI_20241229104240_0359_V.JPG,20.413419881336033,0.5808075126039132,0.254988431930542,0.5947274002969734,2535.7177834888066,110.54508380059441,1320,989
HCM0181,DJI_20241229104241_0360_V.JPG,19.064923350522232,0.5472472933825946,0.2721891701221466,0.5696880600690531,2907.9010034216717,109.37205778717407,1320,989
HCM0181,DJI_20241229104247_0366_V.JPG,19.859065383221473,0.5955538969658868,0.2471107542514801,0.5989762596885029,3127.0345406476104,134.42739222354996,1320,989
HCM0181,DJI_20241229104248_0367_V.JPG,20.277320237811157,0.609712794140587,0.25180599093437195,0.6038553632952943,3937.1741871576132,127.99003125287251,1320,989
HCM0181,DJI_20241229104258_0370_V.JPG,20.16885640891228,0.6349171410035493,0.26888608932495117,0.603933845024558,3488.5258058208447,120.64462802953703,1320,989
HCM0193,DJI_20241229173658_0017_V.JPG,22.84369132142267,0.7044080351900761,0.23166276514530182,0.6557194524274381,2131.092007068499,125.2612709501486,1320,989
HCM0193,DJI_20241229173703_0022_V.JPG,23.301009831025095,0.7069971247518295,0.23033908009529114,0.659769564373583,1857.6804589192288,119.94892989551735,1320,989
HCM0193,DJI_20241229173713_0032_V.JPG,23.79562644558821,0.6989395813802438,0.2371489405632019,0.6575960568623217,1925.6652522515399,116.70946012194749,1320,989
HCM0193,DJI_20241229173714_0033_V.JPG,23.98203452795057,0.7056489418086951,0.23664015531539917,0.6609308275841523,2004.5392237295582,116.08182354383062,1320,989
HCM0193,DJI_20241229173736_0042_V.JPG,21.235332531375928,0.6851668800359022,0.2513141632080078,0.6324363939158231,2464.638722944145,127.14015687716396,1320,989
HCM0193,DJI_20241229173752_0058_V.JPG,21.11871399194055,0.6561414716104794,0.262045681476593,0.6187364528441499,3007.190591911946,112.93947973159298,1320,989
HCM0193,DJI_20241229173754_0060_V.JPG,20.988448007166326,0.6576064735672794,0.2632424831390381,0.6179156368575665,2888.1046982127887,110.59669929834237,1320,989
HCM0193,DJI_20241229173758_0064_V.JPG,20.502331296438264,0.6444817130977787,0.2510412633419037,0.6159419963712017,3397.094547584619,121.4393449152802,1320,989
HCM0193,DJI_20241229173801_0067_V.JPG,20.75547763049077,0.6686313724585732,0.25023654103279114,0.6250276611074002,3150.994357750087,119.72703603272359,1320,989
HCM0193,DJI_20241229173804_0070_V.JPG,20.560265023525876,0.6715584856710172,0.2556836009025574,0.6225556954814374,2494.7873192649704,121.90942182185863,1320,989
HCM0193,DJI_20241229173810_0071_V.JPG,20.79556342939942,0.6740647945283947,0.26782429218292236,0.619863102061746,2586.822151695273,127.7809771118669,1320,989
HCM0193,DJI_20241229173815_0076_V.JPG,21.42900983685894,0.6705792115753627,0.257890909910202,0.6265914585296816,2377.0651783357525,122.19470386371296,1320,989
HCM0193,DJI_20241229173816_0077_V.JPG,21.35206377868842,0.6667047917995083,0.259737104177475,0.624228978540993,2427.158464181435,118.89963002114165,1320,989
HCM0193,DJI_20241229173817_0078_V.JPG,21.231884389661182,0.6678305377427503,0.26230114698410034,0.622820008867152,2474.1433804192843,119.86589300487177,1320,989
HCM0193,DJI_20241229173821_0082_V.JPG,20.953035710137094,0.6497749167085511,0.2836947739124298,0.607172779708416,2694.4900636350803,111.72465683120384,1320,989
HCM0193,DJI_20241229173830_0091_V.JPG,21.109179116159687,0.6708518542698414,0.27867263555526733,0.6164415767558036,2693.9802818563194,111.74258893280633,1320,989
HCM0193,DJI_20241229173832_0093_V.JPG,20.712371962012448,0.6509200290774615,0.268089234828949,0.6123145465637335,3022.9730363505696,116.99219903790177,1320,989
HCM0193,DJI_20241229173835_0096_V.JPG,20.488568571245324,0.6701317680009836,0.2596472203731537,0.6201120536785056,3360.091251493656,120.97602567637956,1320,989
HCM0193,DJI_20241229173857_0110_V.JPG,22.370194923120348,0.695357713725266,0.2761116027832031,0.6323838425430206,2192.7433812751237,122.0840112449061,1320,989
HCM0193,DJI_20241229173900_0113_V.JPG,21.86781670252256,0.6851673313301858,0.28062528371810913,0.6245069861269474,2644.488987261073,119.84574869013696,1320,989
HCM0193,DJI_20241229173902_0115_V.JPG,21.37917654509843,0.6541672021362187,0.29456794261932373,0.6066980428637267,2750.281936796683,116.05227885528694,1320,989
HCM0193,DJI_20241229173905_0118_V.JPG,21.197604310591025,0.6272736298194707,0.3305201530456543,0.5831596535911256,2384.8233488771907,114.38680102337837,1320,989
HCM0193,DJI_20241229173906_0119_V.JPG,21.121632496956092,0.6238981365884521,0.33491891622543335,0.5799316694680988,2292.126657778568,117.71289027790544,1320,989
HCM0193,DJI_20241229173907_0120_V.JPG,20.954812799463106,0.6330850744796516,0.3217308521270752,0.586962058289844,2417.2473373529197,122.64828722002635,1320,989
HCM0193,DJI_20241229173909_0122_V.JPG,20.62788641830427,0.6521187261799911,0.3129008412361145,0.5942425998693771,2614.756150039848,126.18212994454147,1320,989
HCM0193,DJI_20241229173910_0123_V.JPG,20.72714078145569,0.665863597644131,0.3202492892742157,0.5960222082722871,2679.8967063752275,127.2286668505071,1320,989
HCM0193,DJI_20241229173911_0124_V.JPG,21.238025008329565,0.682622811465142,0.3120104670524597,0.6074108066685362,2576.2331004986927,125.16587079082024,1320,989
HCM0193,DJI_20241229173919_0132_V.JPG,21.35716798135338,0.6681741841189145,0.27955013513565063,0.6167752090695344,2502.210982041696,129.3712565493152,1320,989
HCM0193,DJI_20241229173947_0135_V.JPG,21.575204802717177,0.6823652924367574,0.2302204668521881,0.642072629806455,2228.1043811085533,125.05648114103624,1320,989
HCM0193,DJI_20241229173952_0140_V.JPG,22.063771508087452,0.6838238994280785,0.2519887685775757,0.636734291445918,2602.9366043902633,125.79398688604958,1320,989
HCM0193,DJI_20241229173953_0141_V.JPG,22.524945559896125,0.6909973344361405,0.2490149885416031,0.6428428782735777,2460.927987765627,124.66222079235224,1320,989
HCM0193,DJI_20241229174222_0238_V.JPG,22.702796821737003,0.6844924553737526,0.251169890165329,0.6410965614764161,2273.193049216037,118.53607408769189,1320,989
HCM0193,DJI_20241229174259_0263_V.JPG,22.715288310934913,0.6988082141107359,0.21802055835723877,0.6587259707559348,2149.7934488654073,121.8094026718142,1320,989
HCM0193,DJI_20241229174304_0268_V.JPG,23.271970570185143,0.684524102994561,0.23802655935287476,0.6497784305783292,2131.226482147951,117.30464120476759,1320,989
HCM0193,DJI_20241229174307_0271_V.JPG,23.785044308602448,0.6987541455447152,0.22872236371040344,0.6608475640308679,2033.0180606733268,117.5586290100193,1320,989
HCM0193,DJI_20241229174308_0272_V.JPG,23.530630484754603,0.6905061687449118,0.2339760959148407,0.6547451951660649,2678.026514730782,117.886981033796,1320,989
HCM0193,DJI_20241229174317_0276_V.JPG,23.18797443651832,0.692170472086405,0.23846864700317383,0.6513915294437619,1856.5865938443503,123.59548824953274,1320,989
HCM0193,DJI_20241229174319_0278_V.JPG,22.401418662441785,0.6754032979806975,0.246769517660141,0.6383216943048036,2363.4905993066163,121.12930109997855,1320,989
HCM0193,DJI_20241229174327_0286_V.JPG,22.594683149341645,0.6933669202950057,0.21627721190452576,0.6570672902227412,2188.318347874842,124.37785182461623,1320,989
HCM0193,DJI_20241229174333_0287_V.JPG,22.586111835059995,0.6860212004396664,0.24552763998508453,0.6431119751482262,2413.0126538203467,118.71906042222018,1320,989
HCM0193,DJI_20241229174337_0291_V.JPG,22.709754585011396,0.7004775701006531,0.23610538244247437,0.6519596455632746,2534.144702241704,121.23785733982903,1320,989
HCM0193,DJI_20241229174340_0294_V.JPG,22.602287209255472,0.6476728024387914,0.24960900843143463,0.6300719606145964,3171.601470131951,117.14401293011,1320,989
HCM0193,DJI_20241229174341_0295_V.JPG,22.614143671627907,0.6843309995641262,0.2266346514225006,0.650330301330005,2455.0491718989188,121.86849587891044,1320,989
HCM0193,DJI_20241229174342_0296_V.JPG,21.47422486216442,0.6604722762570138,0.21838553249835968,0.6396328190507468,2095.6822052646608,126.94263182890585,1320,989
HCM0193,DJI_20241229174343_0297_V.JPG,22.159317155188795,0.6818804663005391,0.23969408869743347,0.6416424073423211,2353.3268313874946,126.24304470386372,1320,989
HCM0193,DJI_20241229174346_0300_V.JPG,22.84013728262309,0.6793491765492815,0.2438550889492035,0.6433035410808416,1991.030947422415,121.26413503079327,1320,989
HCM0193,DJI_20241229174357_0303_V.JPG,21.928538624849352,0.6618025730930267,0.2502506375312805,0.6300117486644919,2512.897157359372,125.9906678003493,1320,989
HCM0193,DJI_20241229174358_0304_V.JPG,22.029777098061246,0.6605112275629409,0.25659531354904175,0.6276939054376331,2420.5660804047875,119.49832781812054,1320,989
HCM0193,DJI_20241229174408_0314_V.JPG,22.441396270542104,0.6469304889642901,0.2563156485557556,0.6262012648902373,3116.668116483209,116.40222217115544,1320,989
HCM0193,DJI_20241229174414_0315_V.JPG,23.1069441270809,0.6694117362432491,0.23868075013160706,0.6439928855828173,1877.247201018969,120.46656249042498,1320,989
HCM0193,DJI_20241229174442_0338_V.JPG,22.139295414678358,0.6563062663022388,0.25384950637817383,0.6281878498274722,2240.2942983076537,120.3573467230444,1320,989
HCM0193,DJI_20241229174444_0340_V.JPG,22.197298106582227,0.6506551251590696,0.2536512315273285,0.6269198335762829,2417.3843298616744,122.32529031467352,1320,989
HCM0193,DJI_20241229174445_0341_V.JPG,21.454112058077484,0.6308748524266679,0.2569224536418915,0.6152181466197086,2697.9503408694954,123.92327496399791,1320,989
HCM0193,DJI_20241229174450_0343_V.JPG,22.45969106555328,0.6624690950195345,0.25017836689949036,0.633427528139384,2036.0734969545388,118.03786116983791,1320,989
HCM0193,DJI_20241229174454_0347_V.JPG,21.446217791581404,0.6363418196412863,0.23861858248710632,0.6241324196470318,2114.7703637711606,123.56377500995802,1320,989
HCM0193,DJI_20241229174508_0357_V.JPG,21.44272457513766,0.6358318481043955,0.23519566655158997,0.6253276352615087,1933.334455484083,121.84347596286423,1320,989
HCM0193,DJI_20241229174510_0359_V.JPG,22.683702544349376,0.6720380033261546,0.25031208992004395,0.637588780295925,2257.6804240402057,121.71919983454362,1320,989
HCM0193,DJI_20241229174532_0376_V.JPG,22.77652905101755,0.6863768954494711,0.26023069024086,0.6384799668446026,1996.4060575869382,116.55631338664706,1320,989
HCM0193,DJI_20241229174536_0380_V.JPG,21.588202517817074,0.6487959793010069,0.23361150920391083,0.6307234052156402,1832.6983235166342,126.74009636302357,1320,989
HCM0193,DJI_20241229174549_0388_V.JPG,22.236448806343354,0.6624863087114236,0.25581052899360657,0.6298403738540446,2471.9547675457143,121.03643104452003,1320,989
HCM0204,DJI_20241229141848_0006_V.JPG,20.23912727872937,0.6858679910687466,0.25316140055656433,0.6259306007703745,2815.4819758082062,126.0286599564911,1320,989
HCM0204,DJI_20241229141849_0007_V.JPG,20.300346836744296,0.6827553070415383,0.25415152311325073,0.6249680638876269,2543.73168930611,125.9678945675154,1320,989
HCM0204,DJI_20241229141850_0008_V.JPG,20.021117376772537,0.6555172887919519,0.2564956843852997,0.614183617144101,2401.0529081817244,125.04443193308208,1320,989
HCM0204,DJI_20241229141851_0009_V.JPG,19.98922497944622,0.6558354326983,0.24910959601402283,0.6170421412805582,2344.00222829421,123.92093406256703,1320,989
HCM0204,DJI_20241229141916_0034_V.JPG,19.7833509710695,0.6424904305591229,0.24969784915447235,0.6115680953323649,3168.1923902462804,121.09375708551644,1320,989
HCM0204,DJI_20241229141917_0035_V.JPG,20.157853420883885,0.6595591949690126,0.25196805596351624,0.6180276566306007,3234.514609121219,122.62788399669087,1320,989
HCM0204,DJI_20241229141934_0047_V.JPG,19.247415284387795,0.6485231881746323,0.24110116064548492,0.6136009839005225,3682.711754311384,124.92826393357232,1320,989
HCM0204,DJI_20241229141940_0053_V.JPG,19.5633179649492,0.6303344760480022,0.23488853871822357,0.6125248351168064,3028.705178882716,123.22182339063026,1320,989
HCM0204,DJI_20241229141951_0064_V.JPG,20.361706735997302,0.6700343285148164,0.24462772905826569,0.6253294473471224,3105.488157784088,126.49015304715508,1320,989
HCM0204,DJI_20241229141954_0067_V.JPG,20.483442321481547,0.6902002173815802,0.24729159474372864,0.631044081245872,2670.7909249468157,127.33419355332904,1320,989
HCM0204,DJI_20241229141957_0070_V.JPG,20.555160581054164,0.6773091934674845,0.24169141054153442,0.6298471573099567,2266.0947291416405,126.54523929895517,1320,989
HCM0204,DJI_20241229142014_0079_V.JPG,20.297329658967662,0.6581784518922269,0.23052090406417847,0.6270291518958027,3114.4612342908895,125.84982305358949,1320,989
HCM0204,DJI_20241229142017_0082_V.JPG,20.0653347657852,0.6572824138039839,0.23984798789024353,0.621637537579809,2838.6513310015607,126.78232527499463,1320,989
HCM0204,DJI_20241229142019_0084_V.JPG,19.94762882519062,0.6262815700048648,0.24656856060028076,0.6089428197124909,2646.70328007612,122.49787894107914,1320,989
HCM0204,DJI_20241229142023_0088_V.JPG,20.635150960034938,0.6532066383553173,0.24606437981128693,0.6213471453422901,2582.720969915604,125.87901691331923,1320,989
HCM0204,DJI_20241229142026_0091_V.JPG,22.26038245636484,0.7130645536179735,0.24227431416511536,0.650571935157535,2095.543748623117,128.91693400128688,1320,989
HCM0204,DJI_20241229142034_0099_V.JPG,20.572508727109774,0.6717899625289752,0.26243337988853455,0.6199986891659374,2523.9090309130474,129.69035067561356,1320,989
HCM0204,DJI_20241229142035_0100_V.JPG,20.3948976491394,0.6498552303665611,0.26519066095352173,0.6112496906233961,2371.707300673237,122.29902411373594,1320,989
HCM0204,DJI_20241229142036_0101_V.JPG,20.077457049937323,0.6265422515726095,0.26054108142852783,0.6042109851999956,2456.055775351165,123.60747924135184,1320,989
HCM0204,DJI_20241229142037_0102_V.JPG,20.07415036091888,0.6384260827625926,0.25000834465026855,0.6119693891341836,2616.5484211757116,126.29184131507185,1320,989
HCM0204,DJI_20241229142038_0103_V.JPG,19.991234814273984,0.6326385547782399,0.24658633768558502,0.6111044402448819,2926.3929647362916,124.7358059870699,1320,989
HCM0204,DJI_20241229142048_0105_V.JPG,20.44765109686856,0.6444881965459843,0.24281418323516846,0.6189066922509393,2892.629522439524,125.20527085822839,1320,989
HCM0204,DJI_20241229142050_0107_V.JPG,20.45988629833608,0.6617068377939809,0.25126662850379944,0.620764717726691,2600.261236844385,126.51698302540062,1320,989
HCM0204,DJI_20241229142051_0108_V.JPG,20.67990979503096,0.6639969190463911,0.25913476943969727,0.6196246267082243,2343.2995413951908,127.47976606305727,1320,989
HCM0204,DJI_20241229142059_0115_V.JPG,22.565666017523682,0.7273214862154446,0.2481672614812851,0.6543235373772615,1861.0144551791423,130.63766507338298,1320,989
HCM0204,DJI_20241229142105_0121_V.JPG,22.954455366844684,0.7106737416599377,0.2625500559806824,0.6459088323067764,1417.674987989002,132.84536032723597,1320,989
HCM0204,DJI_20241229142107_0123_V.JPG,22.055449431901902,0.7051162265573298,0.2585992217063904,0.6404278758760542,1872.0996603986023,130.78288292428837,1320,989
HCM0204,DJI_20241229142109_0125_V.JPG,21.50516912429065,0.6979131899071298,0.2589622735977173,0.6348200622787958,2112.720003345022,127.39791800716978,1320,989
HCM0204,DJI_20241229142112_0128_V.JPG,20.82961445886091,0.6751547497033391,0.24353954195976257,0.6301082948802622,2555.557877180489,124.44853463860036,1320,989
HCM0204,DJI_20241229142117_0133_V.JPG,20.569916136855074,0.6609211547683822,0.24420705437660217,0.6240130215010042,2713.360675304659,125.65122483684162,1320,989
HCM0204,DJI_20241229142146_0147_V.JPG,19.99534233565093,0.6420342753413079,0.23728255927562714,0.6176693129060471,3890.9676164673565,125.65561326102276,1320,989
HCM0204,DJI_20241229142147_0148_V.JPG,20.120715365920674,0.6300602640159321,0.23375731706619263,0.6162394445738266,3785.20706406771,124.43488065692313,1320,989
HCM0204,DJI_20241229142149_0150_V.JPG,20.323171296537154,0.6318733163387007,0.22108568251132965,0.6230667496763013,2912.2528392261765,126.73870760180164,1320,989
HCM0204,DJI_20241229142152_0153_V.JPG,20.417375736267545,0.6528206740019296,0.22532036900520325,0.6282223090161029,3112.747308244853,124.59152112632901,1320,989
HCM0204,DJI_20241229142205_0166_V.JPG,21.725679777766263,0.7133918574267177,0.230080708861351,0.6523393523500725,2524.5026285972353,128.55735974507462,1320,989
HCM0204,DJI_20241229142208_0169_V.JPG,20.93408041681903,0.6717452694528857,0.231075257062912,0.6346979605116151,1959.5696592102197,123.62941293623801,1320,989
HCM0204,DJI_20241229142213_0174_V.JPG,21.152075054372105,0.6928877989126047,0.24398578703403473,0.6371844751864002,2385.905387517524,123.40133437509574,1320,989
HCM0204,DJI_20241229142234_0177_V.JPG,20.178771697670665,0.6720719430934522,0.23899376392364502,0.6270967075446017,2591.9480684457917,119.72590694610412,1320,989
HCM0204,DJI_20241229142241_0184_V.JPG,21.08201826519885,0.672261403086248,0.21880599856376648,0.6406481310915608,1950.9644289710966,128.80405291540276,1320,989
HCM0204,DJI_20241229142252_0195_V.JPG,20.325099151417728,0.6589837472481247,0.24180462956428528,0.6229238672572296,4161.842230310682,126.43487223090358,1320,989
HCM0204,DJI_20241229142300_0203_V.JPG,20.047398550141487,0.6470524661865676,0.2378309667110443,0.6192677444724015,4402.012693415316,127.90624904249778,1320,989
HCM0204,DJI_20241229142351_0216_V.JPG,15.96664404884188,0.5369710671297375,0.3650805950164795,0.5108589464253808,4179.325692378784,124.65515748996538,1320,989
HCM0204,DJI_20241229142407_0232_V.JPG,20.215532559338808,0.6890162811437971,0.24771460890769958,0.6289122361360923,3438.115335301727,124.48983822042467,1320,989
HCM0204,DJI_20241229142410_0235_V.JPG,19.76412367065534,0.6600862334264049,0.24965162575244904,0.6167499617508738,2649.2905107373053,123.60794497043233,1320,989
HCM0204,DJI_20241229142417_0242_V.JPG,18.606917316745925,0.634133902550277,0.2731802463531494,0.5926095761242989,2999.2767890397404,129.4228697490578,1320,989
HCM0204,DJI_20241229142506_0269_V.JPG,20.385349964571407,0.6814116658470207,0.23734529316425323,0.6317974822758333,2599.3311517212146,125.63512424548826,1320,989
HCM0204,DJI_20241229142510_0273_V.JPG,20.509384419956916,0.6895126653350684,0.23971205949783325,0.6340252823211288,2824.9389665661583,125.82642246530013,1320,989
HCM0204,DJI_20241229142555_0289_V.JPG,20.70037432328857,0.6929707392065207,0.2192729413509369,0.6443842911613129,2380.448442691265,126.7991328859883,1320,989
HCM0204,DJI_20241229142558_0292_V.JPG,20.05488655412544,0.6618690344139405,0.21028867363929749,0.6347745601932159,2809.852052013771,127.56562643625334,1320,989
HCM0204,DJI_20241229142627_0314_V.JPG,21.065150373675255,0.6677739147034668,0.22483821213245392,0.63678779180011,2006.6986313175917,125.03917256488035,1320,989
HCM0204,DJI_20241229142646_0327_V.JPG,20.94058729986962,0.6738580054182947,0.24255847930908203,0.6307775337010733,2247.005833289795,124.36070257682998,1320,989
HCM0204,DJI_20241229142648_0329_V.JPG,21.572343386526384,0.6815741037169007,0.22437697649002075,0.6441555008382202,1888.930998732702,130.01216487422252,1320,989
HCM0204,DJI_20241229142706_0340_V.JPG,19.42991544267316,0.6127342177340606,0.2392483651638031,0.604700411910736,3866.648583060597,127.07672197199497,1320,989
HCM0204,DJI_20241229142722_0349_V.JPG,20.920952675089268,0.639010634212106,0.23726996779441833,0.6223209191964001,1793.9752840542667,128.01412660477374,1320,989
HCM0204,DJI_20241229142725_0352_V.JPG,20.708984470490517,0.637146590390581,0.2440650761127472,0.6177718534950185,1985.0950321183032,123.18375846431964,1320,989
HCM0204,DJI_20241229142726_0353_V.JPG,20.092829105587295,0.6058427813568298,0.24324262142181396,0.6050127604718472,3343.043416720467,124.81952232129179,1320,989
HCM0204,DJI_20241229142727_0354_V.JPG,20.276405707777077,0.6098322068866247,0.22767484188079834,0.6135381595603305,2961.2907448488586,126.37816128933419,1320,989
HCM0204,DJI_20241229142820_0390_V.JPG,21.900934510392688,0.6687885906216865,0.24547304213047028,0.633852967396674,1736.9745277917366,126.18796151607071,1320,989
HCM0204,DJI_20241229142837_0402_V.JPG,20.16577656709962,0.5393560874522012,0.29304301738739014,0.565584278683302,1807.693275773838,124.82077473419739,1320,989
HCM0204,DJI_20241229142843_0408_V.JPG,20.653872135463303,0.5819711360436269,0.2593463659286499,0.5947760272544079,1915.1518366784205,125.11066810675001,1320,989
