scene,exp,variant,op,encoder,psnr,ssim,lpips,score,n_images
hcm0031,exp011,identity+jpeg75,identity,jpeg75,21.7306,0.70924,0.16705,0.70893,50
hcm0031,exp011,identity+jpeg90,identity,jpeg90,21.7152,0.70844,0.16511,0.70935,50
hcm0031,exp011,identity+jpeg95,identity,jpeg95,21.7279,0.7092,0.16725,0.70882,50
hcm0031,exp011,identity+jpeg98,identity,jpeg98,21.7301,0.70933,0.16758,0.70874,50
hcm0031,exp011,identity+jpeg95_444,identity,jpeg95_444,21.7278,0.70912,0.16655,0.70908,50
hcm0031,exp011,identity+png,identity,png,21.7312,0.70931,0.16698,0.70898,50
hcm0031,exp011,unsharp_r1_p50+jpeg75,unsharp_r1_p50,jpeg75,21.394,0.70591,0.16095,0.70785,50
hcm0031,exp011,unsharp_r1_p50+jpeg90,unsharp_r1_p50,jpeg90,21.3069,0.70233,0.14554,0.71229,50
hcm0031,exp011,unsharp_r1_p50+jpeg95,unsharp_r1_p50,jpeg95,21.3199,0.70285,0.14437,0.71301,50
hcm0031,exp011,unsharp_r1_p50+jpeg98,unsharp_r1_p50,jpeg98,21.3186,0.70269,0.14303,0.71348,50
hcm0031,exp011,unsharp_r1_p50+jpeg95_444,unsharp_r1_p50,jpeg95_444,21.3182,0.70267,0.14349,0.71329,50
hcm0031,exp011,unsharp_r1_p50+png,unsharp_r1_p50,png,21.3191,0.7026,0.14272,0.71359,50
hcm0031,exp011,unsharp_r1_p100+jpeg75,unsharp_r1_p100,jpeg75,20.6244,0.68133,0.14621,0.7006,50
hcm0031,exp011,unsharp_r1_p100+jpeg90,unsharp_r1_p100,jpeg90,20.6709,0.68437,0.14559,0.70211,50
hcm0031,exp011,unsharp_r1_p100+jpeg95,unsharp_r1_p100,jpeg95,20.6785,0.68469,0.1438,0.70298,50
hcm0031,exp011,unsharp_r1_p100+jpeg98,unsharp_r1_p100,jpeg98,20.6721,0.6841,0.14288,0.70312,50
hcm0031,exp011,unsharp_r1_p100+jpeg95_444,unsharp_r1_p100,jpeg95_444,20.6746,0.68437,0.14285,0.70323,50
hcm0031,exp011,unsharp_r1_p100+png,unsharp_r1_p100,png,20.6706,0.68401,0.14272,0.70314,50
hcm0031,exp011,unsharp_r2_p50+jpeg75,unsharp_r2_p50,jpeg75,20.8321,0.69462,0.16869,0.69715,50
hcm0031,exp011,unsharp_r2_p50+jpeg90,unsharp_r2_p50,jpeg90,20.7924,0.69276,0.15939,0.70001,50
hcm0031,exp011,unsharp_r2_p50+jpeg95,unsharp_r2_p50,jpeg95,20.8136,0.69395,0.16126,0.69978,50
hcm0031,exp011,unsharp_r2_p50+jpeg98,unsharp_r2_p50,jpeg98,20.8103,0.69378,0.16011,0.70017,50
hcm0031,exp011,unsharp_r2_p50+jpeg95_444,unsharp_r2_p50,jpeg95_444,20.8092,0.69358,0.16049,0.69994,50
hcm0031,exp011,unsharp_r2_p50+png,unsharp_r2_p50,png,20.8084,0.69361,0.15989,0.70019,50
hcm0031,exp011,unsharp_r2_p100+jpeg75,unsharp_r2_p100,jpeg75,19.5248,0.65419,0.1813,0.67017,50
hcm0031,exp011,unsharp_r2_p100+jpeg90,unsharp_r2_p100,jpeg90,19.5243,0.65516,0.18014,0.67093,50
hcm0031,exp011,unsharp_r2_p100+jpeg95,unsharp_r2_p100,jpeg95,19.5139,0.65488,0.17914,0.67116,50
hcm0031,exp011,unsharp_r2_p100+jpeg98,unsharp_r2_p100,jpeg98,19.5071,0.65437,0.17818,0.67134,50
hcm0031,exp011,unsharp_r2_p100+jpeg95_444,unsharp_r2_p100,jpeg95_444,19.5048,0.65419,0.17847,0.67116,50
hcm0031,exp011,unsharp_r2_p100+png,unsharp_r2_p100,png,19.4963,0.65389,0.17838,0.67104,50
hcm0031,exp011,bilateral_d5+jpeg75,bilateral_d5,jpeg75,21.7598,0.70159,0.18851,0.69827,50
hcm0031,exp011,bilateral_d5+jpeg90,bilateral_d5,jpeg90,21.7887,0.70496,0.19986,0.69496,50
hcm0031,exp011,bilateral_d5+jpeg95,bilateral_d5,jpeg95,21.7913,0.7056,0.19929,0.6954,50
hcm0031,exp011,bilateral_d5+jpeg98,bilateral_d5,jpeg98,21.7944,0.70594,0.19927,0.69553,50
hcm0031,exp011,bilateral_d5+jpeg95_444,bilateral_d5,jpeg95_444,21.793,0.70566,0.19825,0.69585,50
hcm0031,exp011,bilateral_d5+png,bilateral_d5,png,21.8019,0.70644,0.20086,0.6951,50
hcm0031,exp011,nlmeans_h3+jpeg75,nlmeans_h3,jpeg75,21.7133,0.7011,0.19664,0.69452,50
hcm0031,exp011,nlmeans_h3+jpeg90,nlmeans_h3,jpeg90,21.7265,0.70373,0.19974,0.69417,50
hcm0031,exp011,nlmeans_h3+jpeg95,nlmeans_h3,jpeg95,21.7363,0.70486,0.19941,0.69472,50
hcm0031,exp011,nlmeans_h3+jpeg98,nlmeans_h3,jpeg98,21.7386,0.70514,0.19779,0.69546,50
hcm0031,exp011,nlmeans_h3+jpeg95_444,nlmeans_h3,jpeg95_444,21.7378,0.70468,0.19689,0.69568,50
hcm0031,exp011,nlmeans_h3+png,nlmeans_h3,png,21.7451,0.70531,0.19848,0.69529,50
hcm0034,exp011,identity+jpeg75,identity,jpeg75,21.3991,0.73775,0.14816,0.72255,60
hcm0034,exp011,identity+jpeg90,identity,jpeg90,21.3833,0.73694,0.14687,0.72271,60
hcm0034,exp011,identity+jpeg95,identity,jpeg95,21.3963,0.73769,0.14872,0.72229,60
hcm0034,exp011,identity+jpeg98,identity,jpeg98,21.3987,0.73784,0.14898,0.72225,60
hcm0034,exp011,identity+jpeg95_444,identity,jpeg95_444,21.3959,0.73756,0.14771,0.72265,60
hcm0034,exp011,identity+png,identity,png,21.3993,0.73778,0.14809,0.72259,60
hcm0034,exp011,unsharp_r1_p50+jpeg75,unsharp_r1_p50,jpeg75,21.0322,0.73355,0.14221,0.72092,60
hcm0034,exp011,unsharp_r1_p50+jpeg90,unsharp_r1_p50,jpeg90,20.9453,0.73012,0.12777,0.72502,60
hcm0034,exp011,unsharp_r1_p50+jpeg95,unsharp_r1_p50,jpeg95,20.958,0.73059,0.12669,0.72568,60
hcm0034,exp011,unsharp_r1_p50+jpeg98,unsharp_r1_p50,jpeg98,20.9565,0.73047,0.12547,0.72613,60
hcm0034,exp011,unsharp_r1_p50+jpeg95_444,unsharp_r1_p50,jpeg95_444,20.9554,0.73034,0.1255,0.72607,60
hcm0034,exp011,unsharp_r1_p50+png,unsharp_r1_p50,png,20.9556,0.73034,0.12479,0.72635,60
hcm0034,exp011,unsharp_r1_p100+jpeg75,unsharp_r1_p100,jpeg75,20.2604,0.70993,0.12988,0.71298,60
hcm0034,exp011,unsharp_r1_p100+jpeg90,unsharp_r1_p100,jpeg90,20.3012,0.71266,0.12894,0.71448,60
hcm0034,exp011,unsharp_r1_p100+jpeg95,unsharp_r1_p100,jpeg95,20.3068,0.71294,0.1273,0.71526,60
hcm0034,exp011,unsharp_r1_p100+jpeg98,unsharp_r1_p100,jpeg98,20.3005,0.71243,0.12641,0.71542,60
hcm0034,exp011,unsharp_r1_p100+jpeg95_444,unsharp_r1_p100,jpeg95_444,20.3012,0.71253,0.12608,0.71559,60
hcm0034,exp011,unsharp_r1_p100+png,unsharp_r1_p100,png,20.2953,0.7122,0.12599,0.71548,60
hcm0034,exp011,unsharp_r2_p50+jpeg75,unsharp_r2_p50,jpeg75,20.4621,0.72233,0.15131,0.70964,60
hcm0034,exp011,unsharp_r2_p50+jpeg90,unsharp_r2_p50,jpeg90,20.4236,0.72051,0.142,0.71253,60
hcm0034,exp011,unsharp_r2_p50+jpeg95,unsharp_r2_p50,jpeg95,20.4419,0.72159,0.14369,0.71231,60
hcm0034,exp011,unsharp_r2_p50+jpeg98,unsharp_r2_p50,jpeg98,20.4378,0.72141,0.14258,0.71267,60
hcm0034,exp011,unsharp_r2_p50+jpeg95_444,unsharp_r2_p50,jpeg95_444,20.4358,0.72112,0.1426,0.71256,60
hcm0034,exp011,unsharp_r2_p50+png,unsharp_r2_p50,png,20.4327,0.72114,0.14208,0.71276,60
hcm0034,exp011,unsharp_r2_p100+jpeg75,unsharp_r2_p100,jpeg75,19.1893,0.68347,0.16461,0.68312,60
hcm0034,exp011,unsharp_r2_p100+jpeg90,unsharp_r2_p100,jpeg90,19.1795,0.68431,0.16309,0.6839,60
hcm0034,exp011,unsharp_r2_p100+jpeg95,unsharp_r2_p100,jpeg95,19.1669,0.68402,0.16211,0.68411,60
hcm0034,exp011,unsharp_r2_p100+jpeg98,unsharp_r2_p100,jpeg98,19.1587,0.6835,0.16122,0.68425,60
hcm0034,exp011,unsharp_r2_p100+jpeg95_444,unsharp_r2_p100,jpeg95_444,19.1533,0.68314,0.16122,0.6841,60
hcm0034,exp011,unsharp_r2_p100+png,unsharp_r2_p100,png,19.1404,0.68275,0.16127,0.68387,60
hcm0034,exp011,bilateral_d5+jpeg75,bilateral_d5,jpeg75,21.4298,0.73282,0.16749,0.71358,60
hcm0034,exp011,bilateral_d5+jpeg90,bilateral_d5,jpeg90,21.455,0.7359,0.17859,0.71025,60
hcm0034,exp011,bilateral_d5+jpeg95,bilateral_d5,jpeg95,21.4572,0.7366,0.17826,0.7106,60
hcm0034,exp011,bilateral_d5+jpeg98,bilateral_d5,jpeg98,21.4612,0.73707,0.17829,0.71077,60
hcm0034,exp011,bilateral_d5+jpeg95_444,bilateral_d5,jpeg95_444,21.4592,0.73665,0.17675,0.71124,60
hcm0034,exp011,bilateral_d5+png,bilateral_d5,png,21.4685,0.73766,0.17972,0.71043,60
hcm0034,exp011,nlmeans_h3+jpeg75,nlmeans_h3,jpeg75,21.3693,0.72925,0.18004,0.70703,60
hcm0034,exp011,nlmeans_h3+jpeg90,nlmeans_h3,jpeg90,21.379,0.73175,0.18189,0.70711,60
hcm0034,exp011,nlmeans_h3+jpeg95,nlmeans_h3,jpeg95,21.3897,0.73281,0.18155,0.70765,60
hcm0034,exp011,nlmeans_h3+jpeg98,nlmeans_h3,jpeg98,21.3924,0.73304,0.17966,0.70849,60
hcm0034,exp011,nlmeans_h3+jpeg95_444,nlmeans_h3,jpeg95_444,21.3917,0.73267,0.17818,0.70897,60
hcm0034,exp011,nlmeans_h3+png,nlmeans_h3,png,21.3994,0.73339,0.17968,0.70864,60
HCM0181,exp011,identity+jpeg75,identity,jpeg75,20.2738,0.70014,0.15423,0.70041,60
HCM0181,exp011,identity+jpeg90,identity,jpeg90,20.2597,0.69934,0.1533,0.70043,60
HCM0181,exp011,identity+jpeg95,identity,jpeg95,20.2712,0.70008,0.15495,0.70008,60
HCM0181,exp011,identity+jpeg98,identity,jpeg98,20.2731,0.70022,0.15523,0.70002,60
HCM0181,exp011,identity+jpeg95_444,identity,jpeg95_444,20.2708,0.69997,0.15389,0.70047,60
HCM0181,exp011,identity+png,identity,png,20.2737,0.70018,0.15417,0.70044,60
HCM0181,exp011,unsharp_r1_p50+jpeg75,unsharp_r1_p50,jpeg75,19.8728,0.69499,0.14661,0.6989,60
HCM0181,exp011,unsharp_r1_p50+jpeg90,unsharp_r1_p50,jpeg90,19.7887,0.69127,0.13297,0.70261,60
HCM0181,exp011,unsharp_r1_p50+jpeg95,unsharp_r1_p50,jpeg95,19.8002,0.69177,0.13194,0.70326,60
HCM0181,exp011,unsharp_r1_p50+jpeg98,unsharp_r1_p50,jpeg98,19.7984,0.69164,0.13088,0.70363,60
HCM0181,exp011,unsharp_r1_p50+jpeg95_444,unsharp_r1_p50,jpeg95_444,19.7983,0.69156,0.1307,0.70368,60
HCM0181,exp011,unsharp_r1_p50+png,unsharp_r1_p50,png,19.7969,0.6915,0.1301,0.70389,60
HCM0181,exp011,unsharp_r1_p100+jpeg75,unsharp_r1_p100,jpeg75,19.1202,0.67008,0.13374,0.69093,60
HCM0181,exp011,unsharp_r1_p100+jpeg90,unsharp_r1_p100,jpeg90,19.1531,0.67276,0.13323,0.69218,60
HCM0181,exp011,unsharp_r1_p100+jpeg95,unsharp_r1_p100,jpeg95,19.1557,0.67298,0.13181,0.69284,60
HCM0181,exp011,unsharp_r1_p100+jpeg98,unsharp_r1_p100,jpeg98,19.1492,0.67244,0.13108,0.69292,60
HCM0181,exp011,unsharp_r1_p100+jpeg95_444,unsharp_r1_p100,jpeg95_444,19.151,0.67262,0.13048,0.69322,60
HCM0181,exp011,unsharp_r1_p100+png,unsharp_r1_p100,png,19.1424,0.67217,0.13053,0.69301,60
HCM0181,exp011,unsharp_r2_p50+jpeg75,unsharp_r2_p50,jpeg75,19.3219,0.68329,0.15569,0.68763,60
HCM0181,exp011,unsharp_r2_p50+jpeg90,unsharp_r2_p50,jpeg90,19.2827,0.68128,0.14694,0.69023,60
HCM0181,exp011,unsharp_r2_p50+jpeg95,unsharp_r2_p50,jpeg95,19.2972,0.68233,0.14844,0.69005,60
HCM0181,exp011,unsharp_r2_p50+jpeg98,unsharp_r2_p50,jpeg98,19.2923,0.68213,0.14749,0.69033,60
HCM0181,exp011,unsharp_r2_p50+jpeg95_444,unsharp_r2_p50,jpeg95_444,19.2926,0.68192,0.14719,0.6904,60
HCM0181,exp011,unsharp_r2_p50+png,unsharp_r2_p50,png,19.2864,0.68183,0.14685,0.69045,60
HCM0181,exp011,unsharp_r2_p100+jpeg75,unsharp_r2_p100,jpeg75,18.1387,0.64439,0.16696,0.66257,60
HCM0181,exp011,unsharp_r2_p100+jpeg90,unsharp_r2_p100,jpeg90,18.122,0.64517,0.16561,0.66322,60
HCM0181,exp011,unsharp_r2_p100+jpeg95,unsharp_r2_p100,jpeg95,18.1081,0.64484,0.16477,0.66335,60
HCM0181,exp011,unsharp_r2_p100+jpeg98,unsharp_r2_p100,jpeg98,18.0988,0.64423,0.16404,0.6634,60
HCM0181,exp011,unsharp_r2_p100+jpeg95_444,unsharp_r2_p100,jpeg95_444,18.0958,0.64401,0.1636,0.66348,60
HCM0181,exp011,unsharp_r2_p100+png,unsharp_r2_p100,png,18.0787,0.64338,0.16394,0.66303,60
HCM0181,exp011,bilateral_d5+jpeg75,bilateral_d5,jpeg75,20.3033,0.69402,0.17302,0.69127,60
HCM0181,exp011,bilateral_d5+jpeg90,bilateral_d5,jpeg90,20.3263,0.69753,0.18275,0.68861,60
HCM0181,exp011,bilateral_d5+jpeg95,bilateral_d5,jpeg95,20.3258,0.69808,0.18229,0.68895,60
HCM0181,exp011,bilateral_d5+jpeg98,bilateral_d5,jpeg98,20.3287,0.69846,0.18243,0.68903,60
HCM0181,exp011,bilateral_d5+jpeg95_444,bilateral_d5,jpeg95_444,20.3274,0.69812,0.18064,0.68963,60
HCM0181,exp011,bilateral_d5+png,bilateral_d5,png,20.3354,0.69903,0.18321,0.68894,60
HCM0181,exp011,nlmeans_h3+jpeg75,nlmeans_h3,jpeg75,20.2511,0.69184,0.1822,0.68656,60
HCM0181,exp011,nlmeans_h3+jpeg90,nlmeans_h3,jpeg90,20.2592,0.6945,0.18281,0.68717,60
HCM0181,exp011,nlmeans_h3+jpeg95,nlmeans_h3,jpeg95,20.2673,0.69552,0.18193,0.68789,60
HCM0181,exp011,nlmeans_h3+jpeg98,nlmeans_h3,jpeg98,20.2692,0.69584,0.18013,0.68872,60
HCM0181,exp011,nlmeans_h3+jpeg95_444,nlmeans_h3,jpeg95_444,20.2678,0.69544,0.17821,0.68936,60
HCM0181,exp011,nlmeans_h3+png,nlmeans_h3,png,20.2731,0.69614,0.17892,0.68932,60
HCM0193,exp011,identity+jpeg75,identity,jpeg75,21.9251,0.70779,0.1747,0.70689,60
HCM0193,exp011,identity+jpeg90,identity,jpeg90,21.9084,0.70691,0.17346,0.707,60
HCM0193,exp011,identity+jpeg95,identity,jpeg95,21.9219,0.70771,0.17539,0.70657,60
HCM0193,exp011,identity+jpeg98,identity,jpeg98,21.9246,0.70785,0.17577,0.70648,60
HCM0193,exp011,identity+jpeg95_444,identity,jpeg95_444,21.9215,0.70762,0.17413,0.70704,60
HCM0193,exp011,identity+png,identity,png,21.9254,0.70782,0.17463,0.70693,60
HCM0193,exp011,unsharp_r1_p50+jpeg75,unsharp_r1_p50,jpeg75,21.5379,0.70374,0.16947,0.70487,60
HCM0193,exp011,unsharp_r1_p50+jpeg90,unsharp_r1_p50,jpeg90,21.4487,0.70015,0.15342,0.70954,60
HCM0193,exp011,unsharp_r1_p50+jpeg95,unsharp_r1_p50,jpeg95,21.4606,0.70054,0.15204,0.7103,60
HCM0193,exp011,unsharp_r1_p50+jpeg98,unsharp_r1_p50,jpeg98,21.4595,0.70034,0.15063,0.7108,60
HCM0193,exp011,unsharp_r1_p50+jpeg95_444,unsharp_r1_p50,jpeg95_444,21.4582,0.70033,0.15043,0.71086,60
HCM0193,exp011,unsharp_r1_p50+png,unsharp_r1_p50,png,21.4593,0.70022,0.14971,0.71112,60
HCM0193,exp011,unsharp_r1_p100+jpeg75,unsharp_r1_p100,jpeg75,20.7259,0.67822,0.15269,0.69783,60
HCM0193,exp011,unsharp_r1_p100+jpeg90,unsharp_r1_p100,jpeg90,20.7746,0.68146,0.15224,0.69935,60
HCM0193,exp011,unsharp_r1_p100+jpeg95,unsharp_r1_p100,jpeg95,20.7821,0.6817,0.15044,0.7002,60
HCM0193,exp011,unsharp_r1_p100+jpeg98,unsharp_r1_p100,jpeg98,20.7755,0.68099,0.14939,0.70036,60
HCM0193,exp011,unsharp_r1_p100+jpeg95_444,unsharp_r1_p100,jpeg95_444,20.7772,0.68134,0.14876,0.70073,60
HCM0193,exp011,unsharp_r1_p100+png,unsharp_r1_p100,png,20.7717,0.68085,0.14867,0.70057,60
HCM0193,exp011,unsharp_r2_p50+jpeg75,unsharp_r2_p50,jpeg75,20.9472,0.6923,0.17702,0.69398,60
HCM0193,exp011,unsharp_r2_p50+jpeg90,unsharp_r2_p50,jpeg90,20.9078,0.69032,0.16679,0.69719,60
HCM0193,exp011,unsharp_r2_p50+jpeg95,unsharp_r2_p50,jpeg95,20.9293,0.69153,0.16889,0.69687,60
HCM0193,exp011,unsharp_r2_p50+jpeg98,unsharp_r2_p50,jpeg98,20.9259,0.69133,0.16764,0.69729,60
HCM0193,exp011,unsharp_r2_p50+jpeg95_444,unsharp_r2_p50,jpeg95_444,20.9241,0.69113,0.16743,0.6973,60
HCM0193,exp011,unsharp_r2_p50+png,unsharp_r2_p50,png,20.9224,0.69111,0.16687,0.6975,60
HCM0193,exp011,unsharp_r2_p100+jpeg75,unsharp_r2_p100,jpeg75,19.6129,0.65114,0.18879,0.66692,60
HCM0193,exp011,unsharp_r2_p100+jpeg90,unsharp_r2_p100,jpeg90,19.6124,0.65225,0.18694,0.66799,60
HCM0193,exp011,unsharp_r2_p100+jpeg95,unsharp_r2_p100,jpeg95,19.602,0.65196,0.18579,0.66829,60
HCM0193,exp011,unsharp_r2_p100+jpeg98,unsharp_r2_p100,jpeg98,19.5947,0.65139,0.18465,0.66852,60
HCM0193,exp011,unsharp_r2_p100+jpeg95_444,unsharp_r2_p100,jpeg95_444,19.5907,0.65121,0.18451,0.66849,60
HCM0193,exp011,unsharp_r2_p100+png,unsharp_r2_p100,png,19.5784,0.65078,0.18451,0.66827,60
HCM0193,exp011,bilateral_d5+jpeg75,bilateral_d5,jpeg75,21.9631,0.69883,0.20148,0.69378,60
HCM0193,exp011,bilateral_d5+jpeg90,bilateral_d5,jpeg90,21.9939,0.70249,0.21439,0.68995,60
HCM0193,exp011,bilateral_d5+jpeg95,bilateral_d5,jpeg95,21.9957,0.70312,0.21391,0.69034,60
HCM0193,exp011,bilateral_d5+jpeg98,bilateral_d5,jpeg98,21.9997,0.70359,0.21361,0.69063,60
HCM0193,exp011,bilateral_d5+jpeg95_444,bilateral_d5,jpeg95_444,21.9983,0.70324,0.21218,0.69109,60
HCM0193,exp011,bilateral_d5+png,bilateral_d5,png,22.0083,0.70415,0.21522,0.69022,60
HCM0193,exp011,nlmeans_h3+jpeg75,nlmeans_h3,jpeg75,21.8958,0.69517,0.21658,0.68614,60
HCM0193,exp011,nlmeans_h3+jpeg90,nlmeans_h3,jpeg90,21.9109,0.69808,0.21811,0.68651,60
HCM0193,exp011,nlmeans_h3+jpeg95,nlmeans_h3,jpeg95,21.9224,0.69924,0.21741,0.68723,60
HCM0193,exp011,nlmeans_h3+jpeg98,nlmeans_h3,jpeg98,21.9273,0.69955,0.21532,0.68819,60
HCM0193,exp011,nlmeans_h3+jpeg95_444,nlmeans_h3,jpeg95_444,21.9261,0.69903,0.21386,0.68861,60
HCM0193,exp011,nlmeans_h3+png,nlmeans_h3,png,21.9365,0.6997,0.21581,0.68811,60
HCM0204,exp011,identity+jpeg75,identity,jpeg75,20.457,0.69672,0.16195,0.69766,60
HCM0204,exp011,identity+jpeg90,identity,jpeg90,20.4439,0.69593,0.16044,0.69793,60
HCM0204,exp011,identity+jpeg95,identity,jpeg95,20.455,0.69662,0.16248,0.69741,60
HCM0204,exp011,identity+jpeg98,identity,jpeg98,20.4568,0.69674,0.16273,0.69736,60
HCM0204,exp011,identity+jpeg95_444,identity,jpeg95_444,20.4539,0.69653,0.16154,0.69775,60
HCM0204,exp011,identity+png,identity,png,20.4571,0.69673,0.16189,0.69769,60
HCM0204,exp011,unsharp_r1_p50+jpeg75,unsharp_r1_p50,jpeg75,20.0467,0.6907,0.15504,0.69554,60
HCM0204,exp011,unsharp_r1_p50+jpeg90,unsharp_r1_p50,jpeg90,19.9672,0.68684,0.14085,0.69947,60
HCM0204,exp011,unsharp_r1_p50+jpeg95,unsharp_r1_p50,jpeg95,19.9777,0.68727,0.13988,0.70006,60
HCM0204,exp011,unsharp_r1_p50+jpeg98,unsharp_r1_p50,jpeg98,19.9767,0.68713,0.13872,0.70047,60
HCM0204,exp011,unsharp_r1_p50+jpeg95_444,unsharp_r1_p50,jpeg95_444,19.9753,0.68709,0.13878,0.70043,60
HCM0204,exp011,unsharp_r1_p50+png,unsharp_r1_p50,png,19.9765,0.68709,0.13815,0.70069,60
HCM0204,exp011,unsharp_r1_p100+jpeg75,unsharp_r1_p100,jpeg75,19.2918,0.66532,0.14033,0.68815,60
HCM0204,exp011,unsharp_r1_p100+jpeg90,unsharp_r1_p100,jpeg90,19.3276,0.66782,0.14032,0.68917,60
HCM0204,exp011,unsharp_r1_p100+jpeg95,unsharp_r1_p100,jpeg95,19.3321,0.66804,0.13888,0.68985,60
HCM0204,exp011,unsharp_r1_p100+jpeg98,unsharp_r1_p100,jpeg98,19.3268,0.66753,0.13808,0.68998,60
HCM0204,exp011,unsharp_r1_p100+jpeg95_444,unsharp_r1_p100,jpeg95_444,19.328,0.66775,0.13773,0.69019,60
HCM0204,exp011,unsharp_r1_p100+png,unsharp_r1_p100,png,19.3237,0.66746,0.13767,0.6901,60
HCM0204,exp011,unsharp_r2_p50+jpeg75,unsharp_r2_p50,jpeg75,19.4599,0.67818,0.16289,0.68425,60
HCM0204,exp011,unsharp_r2_p50+jpeg90,unsharp_r2_p50,jpeg90,19.4269,0.67624,0.15453,0.68676,60
HCM0204,exp011,unsharp_r2_p50+jpeg95,unsharp_r2_p50,jpeg95,19.443,0.67725,0.15655,0.68638,60
HCM0204,exp011,unsharp_r2_p50+jpeg98,unsharp_r2_p50,jpeg98,19.4395,0.67706,0.15549,0.68672,60
HCM0204,exp011,unsharp_r2_p50+jpeg95_444,unsharp_r2_p50,jpeg95_444,19.4384,0.67692,0.15552,0.68666,60
HCM0204,exp011,unsharp_r2_p50+png,unsharp_r2_p50,png,19.4363,0.67694,0.15503,0.68684,60
HCM0204,exp011,unsharp_r2_p100+jpeg75,unsharp_r2_p100,jpeg75,18.2223,0.63748,0.17556,0.65769,60
HCM0204,exp011,unsharp_r2_p100+jpeg90,unsharp_r2_p100,jpeg90,18.213,0.63823,0.17427,0.65836,60
HCM0204,exp011,unsharp_r2_p100+jpeg95,unsharp_r2_p100,jpeg95,18.2017,0.63791,0.17333,0.65855,60
HCM0204,exp011,unsharp_r2_p100+jpeg98,unsharp_r2_p100,jpeg98,18.1945,0.63739,0.17246,0.65869,60
HCM0204,exp011,unsharp_r2_p100+jpeg95_444,unsharp_r2_p100,jpeg95_444,18.1924,0.6373,0.17239,0.65868,60
HCM0204,exp011,unsharp_r2_p100+png,unsharp_r2_p100,png,18.1809,0.63695,0.17247,0.65845,60
HCM0204,exp011,bilateral_d5+jpeg75,bilateral_d5,jpeg75,20.4975,0.69313,0.17723,0.69078,60
HCM0204,exp011,bilateral_d5+jpeg90,bilateral_d5,jpeg90,20.5202,0.69598,0.18773,0.6876,60
HCM0204,exp011,bilateral_d5+jpeg95,bilateral_d5,jpeg95,20.5192,0.6965,0.18713,0.68799,60
HCM0204,exp011,bilateral_d5+jpeg98,bilateral_d5,jpeg98,20.5213,0.69686,0.18705,0.68815,60
HCM0204,exp011,bilateral_d5+jpeg95_444,bilateral_d5,jpeg95_444,20.5196,0.69657,0.18573,0.68858,60
HCM0204,exp011,bilateral_d5+png,bilateral_d5,png,20.5271,0.69741,0.18832,0.68785,60
HCM0204,exp011,nlmeans_h3+jpeg75,nlmeans_h3,jpeg75,20.4343,0.68981,0.19024,0.68411,60
HCM0204,exp011,nlmeans_h3+jpeg90,nlmeans_h3,jpeg90,20.4371,0.69187,0.19105,0.68442,60
HCM0204,exp011,nlmeans_h3+jpeg95,nlmeans_h3,jpeg95,20.4463,0.69277,0.19077,0.68487,60
HCM0204,exp011,nlmeans_h3+jpeg98,nlmeans_h3,jpeg98,20.4483,0.69291,0.18876,0.68573,60
HCM0204,exp011,nlmeans_h3+jpeg95_444,nlmeans_h3,jpeg95_444,20.4483,0.69265,0.18749,0.68616,60
HCM0204,exp011,nlmeans_h3+png,nlmeans_h3,png,20.4562,0.69334,0.18858,0.68599,60
